-- MySQL dump 10.13  Distrib 8.0.27, for Linux (x86_64)
--
-- Host: localhost    Database: db

-- create database db;
use database_mail_10_minutes;


-- ------------------------------------------------------
-- Server version	8.0.27-0ubuntu0.20.04.1

/*!40101 SET @OLD_CHARACTER_SET_CLIENT=@@CHARACTER_SET_CLIENT */;
/*!40101 SET @OLD_CHARACTER_SET_RESULTS=@@CHARACTER_SET_RESULTS */;
/*!40101 SET @OLD_COLLATION_CONNECTION=@@COLLATION_CONNECTION */;
/*!50503 SET NAMES utf8mb4 */;
/*!40103 SET @OLD_TIME_ZONE=@@TIME_ZONE */;
/*!40103 SET TIME_ZONE='+00:00' */;
/*!40014 SET @OLD_UNIQUE_CHECKS=@@UNIQUE_CHECKS, UNIQUE_CHECKS=0 */;
/*!40014 SET @OLD_FOREIGN_KEY_CHECKS=@@FOREIGN_KEY_CHECKS, FOREIGN_KEY_CHECKS=0 */;
/*!40101 SET @OLD_SQL_MODE=@@SQL_MODE, SQL_MODE='NO_AUTO_VALUE_ON_ZERO' */;
/*!40111 SET @OLD_SQL_NOTES=@@SQL_NOTES, SQL_NOTES=0 */;

--
-- Table structure for table `account`
--


DROP TABLE IF EXISTS `account`;
/*!40101 SET @saved_cs_client     = @@character_set_client */;
/*!50503 SET character_set_client = utf8mb4 */;
CREATE TABLE `account` (
  `id` int NOT NULL AUTO_INCREMENT,
  `name` varchar(50) CHARACTER SET utf8 COLLATE utf8_unicode_ci NOT NULL,
  `password` varchar(80) CHARACTER SET utf8 COLLATE utf8_unicode_ci NOT NULL,
  `admin` tinyint(1) DEFAULT NULL,
  PRIMARY KEY (`id`)
) ENGINE=InnoDB AUTO_INCREMENT=3 DEFAULT CHARSET=utf8mb3 COLLATE=utf8_unicode_ci;
/*!40101 SET character_set_client = @saved_cs_client */;

--
-- Dumping data for table `account`
--

LOCK TABLES `account` WRITE;
/*!40000 ALTER TABLE `account` DISABLE KEYS */;
INSERT INTO `account` VALUES (1,'Thifnmi','sha256$tyWsQZ2EyUkLp7C9$b48a8bb4f7128bdd8f70e31caf95bad471d882a3034298616661badb',1),(2,'Admin','sha256$Mbuu4F74xDVX4Kmk$f0736da36ce3c859981a345d724f63fc1c7b7b271238a7a1b98f84c0',1);
/*!40000 ALTER TABLE `account` ENABLE KEYS */;
UNLOCK TABLES;

--
-- Table structure for table `mailbox`
--

DROP TABLE IF EXISTS `mailbox`;
/*!40101 SET @saved_cs_client     = @@character_set_client */;
/*!50503 SET character_set_client = utf8mb4 */;
CREATE TABLE `mailbox` (
  `id` int NOT NULL AUTO_INCREMENT,
  `mail_id` int NOT NULL,
  `email_from` varchar(120) CHARACTER SET utf8 COLLATE utf8_unicode_ci NOT NULL,
  `title` text CHARACTER SET utf8 COLLATE utf8_unicode_ci NOT NULL,
  `content` text CHARACTER SET utf8 COLLATE utf8_unicode_ci NOT NULL,
  PRIMARY KEY (`id`),
  KEY `mail_id` (`mail_id`),
  CONSTRAINT `mailbox_ibfk_1` FOREIGN KEY (`mail_id`) REFERENCES `usermail` (`id`)
) ENGINE=InnoDB AUTO_INCREMENT=367 DEFAULT CHARSET=utf8mb3 COLLATE=utf8_unicode_ci;
/*!40101 SET character_set_client = @saved_cs_client */;

--
-- Dumping data for table `mailbox`
--

LOCK TABLES `mailbox` WRITE;
/*!40000 ALTER TABLE `mailbox` DISABLE KEYS */;
INSERT INTO `mailbox` VALUES (1,1,'systemmail10p@gmail.com','Wellcome to mail 10p system','Your email is pgx26349@vccorp.com'),(2,2,'systemmail10p@gmail.com','Wellcome to mail 10p system','Your email is zll94177@zwoho.com'),(3,1,'tuthin2k@gmail.com','test','test'),(4,1,'test123@gmail.com','tset','tset'),(5,2,'rapviet@gmail.com','rapvietttttt','vietrappppppp'),(6,3,'systemmail10p@gmail.com','Wellcome to mail 10p system','Your email is krj66923@zwoho.com'),(7,4,'systemmail10p@gmail.com','Wellcome to mail 10p system','Your email is pnx38129@vccorp.com'),(8,5,'systemmail10p@gmail.com','Wellcome to mail 10p system','Your email is tbl55459@boofx.com'),(9,6,'systemmail10p@gmail.com','Wellcome to mail 10p system','Your email is bcd72605@zwoho.com'),(10,7,'systemmail10p@gmail.com','Wellcome to mail 10p system','Your email is jhq51182@boofx.com'),(11,8,'systemmail10p@gmail.com','Wellcome to mail 10p system','Your email is bot52150@zwoho.com'),(12,9,'systemmail10p@gmail.com','Wellcome to mail 10p system','Your email is mqs29220@vccorp.com'),(13,10,'systemmail10p@gmail.com','Wellcome to mail 10p system','Your email is dyw22990@zwoho.com'),(14,11,'systemmail10p@gmail.com','Wellcome to mail 10p system','Your email is ywo07783@zwoho.com'),(15,12,'systemmail10p@gmail.com','Wellcome to mail 10p system','Your email is yke90928@couly.com'),(16,13,'systemmail10p@gmail.com','Wellcome to mail 10p system','Your email is vss31635@zwoho.com'),(17,14,'systemmail10p@gmail.com','Wellcome to mail 10p system','Your email is wjh78934@boofx.com'),(18,15,'systemmail10p@gmail.com','Wellcome to mail 10p system','Your email is jic00020@couly.com'),(19,16,'systemmail10p@gmail.com','Wellcome to mail 10p system','Your email is jsh79018@couly.com'),(20,17,'systemmail10p@gmail.com','Wellcome to mail 10p system','Your email is eij17994@bizfly.com'),(21,18,'systemmail10p@gmail.com','Wellcome to mail 10p system','Your email is dhd86279@vccorp.com'),(22,19,'systemmail10p@gmail.com','Wellcome to mail 10p system','Your email is qxh26130@vccorp.com'),(23,20,'systemmail10p@gmail.com','Wellcome to mail 10p system','Your email is gss84738@zwoho.com'),(24,21,'systemmail10p@gmail.com','Wellcome to mail 10p system','Your email is wwy89247@vccorp.com'),(25,22,'systemmail10p@gmail.com','Wellcome to mail 10p system','Your email is pty32888@couly.com'),(26,23,'systemmail10p@gmail.com','Wellcome to mail 10p system','Your email is zvn74032@bizfly.com'),(27,24,'systemmail10p@gmail.com','Wellcome to mail 10p system','Your email is mxh36869@bizfly.com'),(28,25,'systemmail10p@gmail.com','Wellcome to mail 10p system','Your email is vek80162@zwoho.com'),(29,26,'systemmail10p@gmail.com','Wellcome to mail 10p system','Your email is dft31034@couly.com'),(30,27,'systemmail10p@gmail.com','Wellcome to mail 10p system','Your email is piz24041@zwoho.com'),(31,28,'systemmail10p@gmail.com','Wellcome to mail 10p system','Your email is zbi39993@vccorp.com'),(32,29,'systemmail10p@gmail.com','Wellcome to mail 10p system','Your email is ldg91590@bizfly.com'),(33,30,'systemmail10p@gmail.com','Wellcome to mail 10p system','Your email is oln27682@couly.com'),(34,31,'systemmail10p@gmail.com','Wellcome to mail 10p system','Your email is gnm08903@zwoho.com'),(35,32,'systemmail10p@gmail.com','Wellcome to mail 10p system','Your email is sqy61623@couly.com'),(36,33,'systemmail10p@gmail.com','Wellcome to mail 10p system','Your email is leq21241@couly.com'),(37,34,'systemmail10p@gmail.com','Wellcome to mail 10p system','Your email is jyo55031@vccorp.com'),(38,35,'systemmail10p@thifnmi.pw','Wellcome to mail 10p system','Your email is gtzq39585@thifnmi.pw'),(39,36,'systemmail10p@thifnmi.pw','Wellcome to mail 10p system','Your email is dotq11057@thifnmi.pw'),(40,37,'systemmail10p@thifnmi.pw','Wellcome to mail 10p system','Your email is ogba04606@thifnmi.pw'),(41,38,'systemmail10p@thifnmi.pw','Wellcome to mail 10p system','Your email is mtal23431@thifnmi.pw'),(42,39,'systemmail10p@thifnmi.pw','Wellcome to mail 10p system','Your email is qlbd81721@thifnmi.pw'),(43,40,'systemmail10p@thifnmi.pw','Wellcome to mail 10p system','Your email is wmka86720@thifnmi.pw'),(44,41,'systemmail10p@thifnmi.pw','Wellcome to mail 10p system','Your email is pdbw44025@thifnmi.pw'),(45,42,'systemmail10p@thifnmi.pw','Wellcome to mail 10p system','Your email is oqfn34499@thifnmi.pw'),(46,43,'systemmail10p@thifnmi.pw','Wellcome to mail 10p system','Your email is tfmj24641@thifnmi.pw'),(47,44,'systemmail10p@thifnmi.pw','Wellcome to mail 10p system','Your email is tvii13925@thifnmi.pw'),(48,45,'systemmail10p@thifnmi.pw','Wellcome to mail 10p system','Your email is zlcw23098@thifnmi.pw'),(49,46,'systemmail10p@thifnmi.pw','Wellcome to mail 10p system','Your email is uihw21004@thifnmi.pw'),(50,47,'systemmail10p@thifnmi.pw','Wellcome to mail 10p system','Your email is fips86486@thifnmi.pw'),(51,48,'systemmail10p@thifnmi.pw','Wellcome to mail 10p system','Your email is fowo55465@thifnmi.pw'),(52,49,'systemmail10p@thifnmi.pw','Wellcome to mail 10p system','Your email is henj73164@thifnmi.pw'),(53,50,'systemmail10p@thifnmi.pw','Wellcome to mail 10p system','Your email is agxe02018@thifnmi.pw'),(54,51,'systemmail10p@thifnmi.pw','Wellcome to mail 10p system','Your email is lbup78322@thifnmi.pw'),(55,52,'systemmail10p@thifnmi.pw','Wellcome to mail 10p system','Your email is nmpl74819@thifnmi.pw'),(56,53,'systemmail10p@thifnmi.pw','Wellcome to mail 10p system','Your email is hycd20787@thifnmi.pw'),(57,54,'systemmail10p@thifnmi.pw','Wellcome to mail 10p system','Your email is uhul33721@thifnmi.pw'),(58,55,'systemmail10p@thifnmi.pw','Wellcome to mail 10p system','Your email is podz12926@thifnmi.pw'),(59,56,'systemmail10p@thifnmi.pw','Wellcome to mail 10p system','Your email is kqwk80614@thifnmi.pw'),(60,57,'systemmail10p@thifnmi.pw','Wellcome to mail 10p system','Your email is decv21592@thifnmi.pw'),(61,58,'systemmail10p@thifnmi.pw','Wellcome to mail 10p system','Your email is kbyh24272@thifnmi.pw'),(62,59,'systemmail10p@thifnmi.pw','Wellcome to mail 10p system','Your email is czro34243@thifnmi.pw'),(63,60,'systemmail10p@thifnmi.pw','Wellcome to mail 10p system','Your email is zvhl98090@thifnmi.pw'),(64,61,'systemmail10p@thifnmi.pw','Wellcome to mail 10p system','Your email is nriv46055@thifnmi.pw'),(65,62,'systemmail10p@thifnmi.pw','Wellcome to mail 10p system','Your email is wjff56750@thifnmi.pw'),(66,63,'systemmail10p@thifnmi.pw','Wellcome to mail 10p system','Your email is dwub43028@thifnmi.pw'),(67,64,'systemmail10p@thifnmi.pw','Wellcome to mail 10p system','Your email is xytf72172@thifnmi.pw'),(68,65,'systemmail10p@thifnmi.pw','Wellcome to mail 10p system','Your email is thzz40101@thifnmi.pw'),(69,65,'thifnmi@thifnmi','test Wed, 01 Dec 2021 10:05:08 +0700','Date: Wed, 01 Dec 2021 10:05:08 +0700\nTo: thzz40101@thifnmi.pw\nFrom: thifnmi@thifnmi\nSubject: test Wed, 01 Dec 2021 10:05:08 +0700\nMessage-Id: <20211201100508.024359@thifnmi>\nX-Mailer: swaks v20190914.0 jetmore.org/john/code/swaks/\n\nThis is a test mailing\n\n'),(70,65,'thifnmi@thifnmi','test Wed, 01 Dec 2021 10:13:10 +0700','Date: Wed, 01 Dec 2021 10:13:10 +0700\nTo: thzz40101@thifnmi.pw\nFrom: thifnmi@thifnmi\nSubject: test Wed, 01 Dec 2021 10:13:10 +0700\nMessage-Id: <20211201101310.027391@thifnmi>\nX-Mailer: swaks v20190914.0 jetmore.org/john/code/swaks/\n\nThis is a test mailing\n\n'),(71,65,'thifnmi@thifnmi','test Wed, 01 Dec 2021 10:14:57 +0700','Date: Wed, 01 Dec 2021 10:14:57 +0700\nTo: thzz40101@thifnmi.pw\nFrom: thifnmi@thifnmi\nSubject: test Wed, 01 Dec 2021 10:14:57 +0700\nMessage-Id: <20211201101457.027902@thifnmi>\nX-Mailer: swaks v20190914.0 jetmore.org/john/code/swaks/\ntest\n\nThis is a test mailing\n\n'),(72,65,'thifnmi@thifnmi','test Wed, 01 Dec 2021 10:16:59 +0700','Date: Wed, 01 Dec 2021 10:16:59 +0700\nTo: thzz40101@thifnmi.pw\nFrom: thifnmi@thifnmi\nSubject: test Wed, 01 Dec 2021 10:16:59 +0700\nMessage-Id: <20211201101659.028153@thifnmi>\nX-Mailer: swaks v20190914.0 jetmore.org/john/code/swaks/\ntest\n\ntest content\n\n'),(73,65,'thifnmi@thifnmi','test Wed, 01 Dec 2021 10:18:39 +0700','Date: Wed, 01 Dec 2021 10:18:39 +0700\nTo: thzz40101@thifnmi.pw\nFrom: thifnmi@thifnmi\nSubject: test Wed, 01 Dec 2021 10:18:39 +0700\nMessage-Id: <20211201101839.028293@thifnmi>\nX-Mailer: swaks v20190914.0 jetmore.org/john/code/swaks/\ntest header\n\ntest content\n\n'),(74,65,'thifnmi@thifnmi','test Wed, 01 Dec 2021 10:19:39 +0700','Date: Wed, 01 Dec 2021 10:19:39 +0700\nTo: thzz40101@thifnmi.pw\nFrom: thifnmi@thifnmi\nSubject: test Wed, 01 Dec 2021 10:19:39 +0700\nMessage-Id: <20211201101939.028520@thifnmi>\nX-Mailer: swaks v20190914.0 jetmore.org/john/code/swaks/\ntest header\n\ntest content\n\n'),(75,65,'thifnmi@thifnmi','test Wed, 01 Dec 2021 10:21:16 +0700','Date: Wed, 01 Dec 2021 10:21:16 +0700\nTo: thzz40101@thifnmi.pw\nFrom: thifnmi@thifnmi\nSubject: test Wed, 01 Dec 2021 10:21:16 +0700\nMessage-Id: <20211201102116.028642@thifnmi>\nX-Mailer: swaks v20190914.0 jetmore.org/john/code/swaks/\n\nThis is a test mailing\n\n'),(76,65,'thifnmi@thifnmi','test Wed, 01 Dec 2021 10:23:14 +0700','This is a test mailing'),(77,65,'thifnmi@thifnmi','test Wed, 01 Dec 2021 10:24:33 +0700','test content'),(78,65,'thifnmi@thifnmi','test Wed, 01 Dec 2021 10:26:28 +0700','test content'),(79,65,'thifnmi@thifnmi','test Wed, 01 Dec 2021 10:27:17 +0700','test content'),(80,65,'thifnmi@thifnmi','test Wed, 01 Dec 2021 10:27:56 +0700','test content'),(81,65,'thifnmi@thifnmi','test Wed, 01 Dec 2021 10:28:38 +0700','test content'),(82,65,'thifnmi@thifnmi','test header\n\ntest content\n\n','test content'),(83,65,'thifnmi@thifnmi','test header\n\ntest content\n\n','test content'),(84,65,'thifnmi@thifnmi','test header\n\ntest content\n\n','test content'),(85,65,'thifnmi@thifnmi','test header\n\ntest content\n\n','test content'),(86,65,'thifnmi@thifnmi','test header','test content'),(87,65,'thifnmi@thifnmi','\nThis is a test mailing','This is a test mailing'),(88,65,'thifnmi@thifnmi','test Wed, 01 Dec 2021 10:37:50 +0700','This is a test mailing'),(89,65,'thifnmi@thifnmi','test header','test content'),(90,65,'thifnmi@thifnmi','test header','test content'),(91,65,'thifnmi@thifnmi','test Wed, 01 Dec 2021 10:42:09 +0700','This is a test mailing'),(92,65,'thifnmi@thifnmi','test header','This is a test mailing'),(93,65,'thifnmi@thifnmi','test header','asndpa'),(94,66,'systemmail10p@thifnmi.pw','Wellcome to mail 10p system','Your email is kuir94056@thifnmi.pw'),(95,65,'kuir94056@thifnmi.pw','test subject deploy lan 3','test mail_content deploy lan 3'),(96,67,'systemmail10p@thifnmi.pw','Wellcome to mail 10p system','Your email is bopq35349@thifnmi.pw'),(97,68,'systemmail10p@thifnmi.pw','Wellcome to mail 10p system','Your email is ibbg57319@thifnmi.pw'),(98,69,'systemmail10p@thifnmi.pw','Wellcome to mail 10p system','Your email is ukhs93115@thifnmi.pw'),(99,70,'systemmail10p@thifnmi.pw','Wellcome to mail 10p system','Your email is eonp96297@thifnmi.pw'),(100,71,'systemmail10p@thifnmi.pw','Wellcome to mail 10p system','Your email is lvkc09669@thifnmi.pw'),(101,72,'systemmail10p@thifnmi.pw','Wellcome to mail 10p system','Your email is awla33997@thifnmi.pw'),(102,73,'systemmail10p@thifnmi.pw','Wellcome to mail 10p system','Your email is pkau49316@thifnmi.pw'),(103,74,'systemmail10p@thifnmi.pw','Wellcome to mail 10p system','Your email is zzqw73474@thifnmi.pw'),(104,75,'systemmail10p@thifnmi.pw','Wellcome to mail 10p system','Your email is tyuw34236@thifnmi.pw'),(105,73,'tyuw34236@thifnmi.pw','test subject deploy lan 3','test mail_content deploy lan 3'),(106,73,'tyuw34236@thifnmi.pw','test subject deploy lan 3','test mail_content deploy lan 3'),(107,76,'systemmail10p@thifnmi.pw','Wellcome to mail 10p system','Your email is uueh86605@thifnmi.pw'),(108,73,'uueh86605@thifnmi.pw','test subject deploy lan 3','test mail_content deploy lan 3'),(109,77,'systemmail10p@thifnmi.pw','Wellcome to mail 10p system','Your email is vfox10274@thifnmi.pw'),(110,73,'vfox10274@thifnmi.pw','test subject deploy lan 3','test mail_content deploy lan 3'),(111,73,'vfox10274@thifnmi.pw','test subject deploy lan 3','test mail_content deploy lan 3'),(112,73,'vfox10274@thifnmi.pw','test subject deploy lan 3','test mail_content deploy lan 3'),(113,73,'vfox10274@thifnmi.pw','test subject deploy lan 3','test mail_content deploy lan 3'),(114,73,'vfox10274@thifnmi.pw','test subject deploy lan 3','test mail_content deploy lan 3'),(115,73,'vfox10274@thifnmi.pw','test subject deploy lan 3','test mail_content deploy lan 3'),(116,73,'vfox10274@thifnmi.pw','test subject deploy lan 3','test mail_content deploy lan 3'),(117,73,'vfox10274@thifnmi.pw','test subject deploy lan 3','test mail_content deploy lan 3'),(118,73,'vfox10274@thifnmi.pw','test subject deploy lan 3','test mail_content deploy lan 3'),(119,73,'vfox10274@thifnmi.pw','test subject deploy lan 3','test mail_content deploy lan 3'),(120,78,'systemmail10p@thifnmi.pw','Wellcome to mail 10p system','Your email is tpvp11058@thifnmi.pw'),(121,73,'tpvp11058@thifnmi.pw','test subject deploy lan 3','test mail_content deploy lan 3'),(122,73,'tpvp11058@thifnmi.pw','test subject deploy lan 3','test mail_content deploy lan 3'),(123,73,'tpvp11058@thifnmi.pw','test subject deploy lan 3','test mail_content deploy lan 3'),(124,73,'tpvp11058@thifnmi.pw','test subject deploy lan 3','test mail_content deploy lan 3'),(125,73,'tpvp11058@thifnmi.pw','test subject deploy lan 3','test mail_content deploy lan 3'),(126,73,'tpvp11058@thifnmi.pw','test subject deploy lan 3','test mail_content deploy lan 3'),(127,73,'tpvp11058@thifnmi.pw','test subject deploy lan 3','test mail_content deploy lan 3'),(128,73,'tpvp11058@thifnmi.pw','test subject deploy lan 3','test mail_content deploy lan 3'),(129,79,'systemmail10p@thifnmi.pw','Wellcome to mail 10p system','Your email is aqtg02988@thifnmi.pw'),(130,80,'systemmail10p@thifnmi.pw','Wellcome to mail 10p system','Your email is pyli23983@thifnmi.pw'),(131,73,'pyli23983@thifnmi.pw','test subject deploy lan 3','test mail_content deploy lan 3'),(132,73,'pyli23983@thifnmi.pw','test subject deploy lan 3','test mail_content deploy lan 3'),(133,73,'pyli23983@thifnmi.pw','test subject deploy lan 3','test mail_content deploy lan 3'),(134,73,'pyli23983@thifnmi.pw','test subject deploy lan 3','test mail_content deploy lan 3'),(135,73,'pyli23983@thifnmi.pw','test subject deploy lan 3','test mail_content deploy lan 3'),(136,73,'pyli23983@thifnmi.pw','test subject deploy lan 3','test mail_content deploy lan 3'),(137,73,'pyli23983@thifnmi.pw','test subject deploy lan 3','test mail_content deploy lan 3'),(138,73,'pyli23983@thifnmi.pw','test subject deploy lan 3','test mail_content deploy lan 3'),(139,73,'pyli23983@thifnmi.pw','test subject deploy lan 3','test mail_content deploy lan 3'),(140,73,'pyli23983@thifnmi.pw','test subject deploy lan 3','test mail_content deploy lan 3'),(141,73,'pyli23983@thifnmi.pw','test subject deploy lan 3','test mail_content deploy lan 3'),(142,73,'pyli23983@thifnmi.pw','test subject deploy lan 3','test mail_content deploy lan 3'),(143,73,'pyli23983@thifnmi.pw','test subject deploy lan 3','test mail_content deploy lan 3'),(144,73,'pyli23983@thifnmi.pw','test subject deploy lan 3','test mail_content deploy lan 3'),(145,73,'pyli23983@thifnmi.pw','test subject deploy lan 3','test mail_content deploy lan 3'),(146,73,'pyli23983@thifnmi.pw','test subject deploy lan 3','test mail_content deploy lan 3'),(147,73,'pyli23983@thifnmi.pw','test subject deploy lan 3','test mail_content deploy lan 3'),(148,73,'pyli23983@thifnmi.pw','test subject deploy lan 3','test mail_content deploy lan 3'),(149,73,'pyli23983@thifnmi.pw','test subject deploy lan 3','test mail_content deploy lan 3'),(150,73,'pyli23983@thifnmi.pw','test subject deploy lan 3','test mail_content deploy lan 3'),(151,73,'pyli23983@thifnmi.pw','test subject deploy lan 3','test mail_content deploy lan 3'),(152,73,'pyli23983@thifnmi.pw','test subject deploy lan 3','test mail_content deploy lan 3'),(153,73,'pyli23983@thifnmi.pw','test subject deploy lan 3','test mail_content deploy lan 3'),(154,73,'pyli23983@thifnmi.pw','test subject deploy lan 3','test mail_content deploy lan 3'),(155,73,'pyli23983@thifnmi.pw','test subject deploy lan 3','test mail_content deploy lan 3'),(156,73,'pyli23983@thifnmi.pw','test subject deploy lan 3','test mail_content deploy lan 3'),(157,73,'pyli23983@thifnmi.pw','test subject deploy lan 3','test mail_content deploy lan 3'),(158,73,'pyli23983@thifnmi.pw','test subject deploy lan 3','test mail_content deploy lan 3'),(159,73,'pyli23983@thifnmi.pw','test subject deploy lan 3','test mail_content deploy lan 3'),(160,73,'pyli23983@thifnmi.pw','test subject deploy lan 3','test mail_content deploy lan 3'),(161,73,'pyli23983@thifnmi.pw','test subject deploy lan 3','test mail_content deploy lan 3'),(162,73,'pyli23983@thifnmi.pw','test subject deploy lan 3','test mail_content deploy lan 3'),(163,73,'pyli23983@thifnmi.pw','test subject deploy lan 3','test mail_content deploy lan 3'),(164,73,'pyli23983@thifnmi.pw','test subject deploy lan 3','test mail_content deploy lan 3'),(165,73,'pyli23983@thifnmi.pw','test subject deploy lan 3','test mail_content deploy lan 3'),(166,73,'pyli23983@thifnmi.pw','test subject deploy lan 3','test mail_content deploy lan 3'),(167,73,'pyli23983@thifnmi.pw','test subject deploy lan 3','test mail_content deploy lan 3'),(168,73,'pyli23983@thifnmi.pw','test subject deploy lan 3','test mail_content deploy lan 3'),(169,73,'pyli23983@thifnmi.pw','test subject deploy lan 3','test mail_content deploy lan 3'),(170,73,'pyli23983@thifnmi.pw','test subject deploy lan 3','test mail_content deploy lan 3'),(171,81,'systemmail10p@thifnmi.pw','Wellcome to mail 10p system','Your email is dkci27746@thifnmi.pw'),(172,82,'systemmail10p@thifnmi.pw','Wellcome to mail 10p system','Your email is acei44765@thifnmi.pw'),(173,83,'systemmail10p@thifnmi.pw','Wellcome to mail 10p system','Your email is aolr64012@thifnmi.pw'),(174,73,'aolr64012@thifnmi.pw','test subject deploy lan 3','test mail_content deploy lan 3'),(175,73,'aolr64012@thifnmi.pw','test subject deploy lan 3','test mail_content deploy lan 3'),(176,73,'aolr64012@thifnmi.pw','test subject deploy lan 3','test mail_content deploy lan 3'),(177,73,'aolr64012@thifnmi.pw','test subject deploy lan 3','test mail_content deploy lan 3'),(178,73,'aolr64012@thifnmi.pw','test subject deploy lan 3','test mail_content deploy lan 3'),(179,73,'aolr64012@thifnmi.pw','test subject deploy lan 3','test mail_content deploy lan 3'),(180,73,'aolr64012@thifnmi.pw','test subject deploy lan 3','test mail_content deploy lan 3'),(181,73,'aolr64012@thifnmi.pw','test subject deploy lan 3','test mail_content deploy lan 3'),(182,73,'aolr64012@thifnmi.pw','test subject deploy lan 3','test mail_content deploy lan 3'),(183,73,'aolr64012@thifnmi.pw','test subject deploy lan 3','test mail_content deploy lan 3'),(184,73,'aolr64012@thifnmi.pw','test subject deploy lan 3','test mail_content deploy lan 3'),(185,73,'aolr64012@thifnmi.pw','test subject deploy lan 3','test mail_content deploy lan 3'),(186,73,'aolr64012@thifnmi.pw','test subject deploy lan 3','test mail_content deploy lan 3'),(187,73,'aolr64012@thifnmi.pw','test subject deploy lan 3','test mail_content deploy lan 3'),(188,73,'aolr64012@thifnmi.pw','test subject deploy lan 3','test mail_content deploy lan 3'),(189,73,'aolr64012@thifnmi.pw','test subject deploy lan 3','test mail_content deploy lan 3'),(190,73,'aolr64012@thifnmi.pw','test subject deploy lan 3','test mail_content deploy lan 3'),(191,73,'aolr64012@thifnmi.pw','test subject deploy lan 3','test mail_content deploy lan 3'),(192,73,'aolr64012@thifnmi.pw','test subject deploy lan 3','test mail_content deploy lan 3'),(193,73,'aolr64012@thifnmi.pw','test subject deploy lan 3','test mail_content deploy lan 3'),(194,73,'aolr64012@thifnmi.pw','test subject deploy lan 3','test mail_content deploy lan 3'),(195,73,'aolr64012@thifnmi.pw','test subject deploy lan 3','test mail_content deploy lan 3'),(196,73,'aolr64012@thifnmi.pw','test subject deploy lan 3','test mail_content deploy lan 3'),(197,73,'aolr64012@thifnmi.pw','test subject deploy lan 3','test mail_content deploy lan 3'),(198,73,'aolr64012@thifnmi.pw','test subject deploy lan 3','test mail_content deploy lan 3'),(199,73,'aolr64012@thifnmi.pw','test subject deploy lan 3','test mail_content deploy lan 3'),(200,73,'aolr64012@thifnmi.pw','test subject deploy lan 3','test mail_content deploy lan 3'),(201,73,'aolr64012@thifnmi.pw','test subject deploy lan 3','test mail_content deploy lan 3'),(202,73,'aolr64012@thifnmi.pw','test subject deploy lan 3','test mail_content deploy lan 3'),(203,73,'aolr64012@thifnmi.pw','test subject deploy lan 3','test mail_content deploy lan 3'),(204,73,'aolr64012@thifnmi.pw','test subject deploy lan 3','test mail_content deploy lan 3'),(205,73,'aolr64012@thifnmi.pw','test subject deploy lan 3','test mail_content deploy lan 3'),(206,73,'aolr64012@thifnmi.pw','test subject deploy lan 3','test mail_content deploy lan 3'),(207,84,'systemmail10p@thifnmi.pw','Wellcome to mail 10p system','Your email is sejx57407@thifnmi.pw'),(208,73,'sejx57407@thifnmi.pw','test subject deploy lan 3','test mail_content deploy lan 3'),(209,73,'sejx57407@thifnmi.pw','test subject deploy lan 3','test mail_content deploy lan 3'),(210,73,'sejx57407@thifnmi.pw','test subject deploy lan 3','test mail_content deploy lan 3'),(211,73,'sejx57407@thifnmi.pw','test subject deploy lan 3','test mail_content deploy lan 3'),(212,73,'sejx57407@thifnmi.pw','test subject deploy lan 3','test mail_content deploy lan 3'),(213,73,'sejx57407@thifnmi.pw','test subject deploy lan 3','test mail_content deploy lan 3'),(214,73,'sejx57407@thifnmi.pw','test subject deploy lan 3','test mail_content deploy lan 3'),(215,73,'sejx57407@thifnmi.pw','test subject deploy lan 3','test mail_content deploy lan 3'),(216,73,'sejx57407@thifnmi.pw','test subject deploy lan 3','test mail_content deploy lan 3'),(217,73,'sejx57407@thifnmi.pw','test subject deploy lan 3','test mail_content deploy lan 3'),(218,73,'sejx57407@thifnmi.pw','test subject deploy lan 3','test mail_content deploy lan 3'),(219,73,'sejx57407@thifnmi.pw','test subject deploy lan 3','test mail_content deploy lan 3'),(220,73,'sejx57407@thifnmi.pw','test subject deploy lan 3','test mail_content deploy lan 3'),(221,73,'sejx57407@thifnmi.pw','test subject deploy lan 3','test mail_content deploy lan 3'),(222,73,'sejx57407@thifnmi.pw','test subject deploy lan 3','test mail_content deploy lan 3'),(223,73,'sejx57407@thifnmi.pw','test subject deploy lan 3','test mail_content deploy lan 3'),(224,73,'sejx57407@thifnmi.pw','test subject deploy lan 3','test mail_content deploy lan 3'),(225,73,'sejx57407@thifnmi.pw','test subject deploy lan 3','test mail_content deploy lan 3'),(226,73,'sejx57407@thifnmi.pw','test subject deploy lan 3','test mail_content deploy lan 3'),(227,73,'sejx57407@thifnmi.pw','test subject deploy lan 3','test mail_content deploy lan 3'),(228,73,'sejx57407@thifnmi.pw','test subject deploy lan 3','test mail_content deploy lan 3'),(229,73,'sejx57407@thifnmi.pw','test subject deploy lan 3','test mail_content deploy lan 3'),(230,73,'sejx57407@thifnmi.pw','test subject deploy lan 3','test mail_content deploy lan 3'),(231,73,'sejx57407@thifnmi.pw','test subject deploy lan 3','test mail_content deploy lan 3'),(232,73,'sejx57407@thifnmi.pw','test subject deploy lan 3','test mail_content deploy lan 3'),(233,73,'sejx57407@thifnmi.pw','test subject deploy lan 3','test mail_content deploy lan 3'),(234,73,'sejx57407@thifnmi.pw','test subject deploy lan 3','test mail_content deploy lan 3'),(235,73,'sejx57407@thifnmi.pw','test subject deploy lan 3','test mail_content deploy lan 3'),(236,73,'sejx57407@thifnmi.pw','test subject deploy lan 3','test mail_content deploy lan 3'),(237,73,'sejx57407@thifnmi.pw','test subject deploy lan 3','test mail_content deploy lan 3'),(238,73,'sejx57407@thifnmi.pw','test subject deploy lan 3','test mail_content deploy lan 3'),(239,73,'sejx57407@thifnmi.pw','test subject deploy lan 3','test mail_content deploy lan 3'),(240,73,'sejx57407@thifnmi.pw','test subject deploy lan 3','test mail_content deploy lan 3'),(241,73,'sejx57407@thifnmi.pw','test subject deploy lan 3','test mail_content deploy lan 3'),(242,85,'systemmail10p@thifnmi.pw','Wellcome to mail 10p system','Your email is qota19607@thifnmi.pw'),(243,73,'qota19607@thifnmi.pw','test subject deploy lan 3','test mail_content deploy lan 3'),(244,73,'qota19607@thifnmi.pw','test subject deploy lan 3','test mail_content deploy lan 3'),(245,73,'qota19607@thifnmi.pw','test subject deploy lan 3','test mail_content deploy lan 3'),(246,73,'qota19607@thifnmi.pw','test subject deploy lan 3','test mail_content deploy lan 3'),(247,73,'qota19607@thifnmi.pw','test subject deploy lan 3','test mail_content deploy lan 3'),(248,73,'qota19607@thifnmi.pw','test subject deploy lan 3','test mail_content deploy lan 3'),(249,86,'systemmail10p@thifnmi.pw','Wellcome to mail 10p system','Your email is rpeo40747@thifnmi.pw'),(250,87,'systemmail10p@thifnmi.pw','Wellcome to mail 10p system','Your email is vqrc38007@thifnmi.pw'),(251,88,'systemmail10p@thifnmi.pw','Wellcome to mail 10p system','Your email is rngg36431@thifnmi.pw'),(252,73,'rngg36431@thifnmi.pw','test subject deploy lan 3','test mail_content deploy lan 3'),(253,88,'rngg36431@thifnmi.pw','test subject deploy lan 3','test mail_content deploy lan 3'),(254,88,'rngg36431@thifnmi.pw','test subject deploy lan 3','test mail_content deploy lan 3'),(255,88,'rngg36431@thifnmi.pw','epànpấnnfần[f[aappll','test mail_content deploy lan 3'),(256,88,'rngg36431@thifnmi.pw','epànpấnnfần[f[aappll','test mail_content deploy lan 3'),(257,89,'systemmail10p@thifnmi.pw','Wellcome to mail 10p system','Your email is vlrb52951@thifnmi.pw'),(258,88,'vlrb52951@thifnmi.pw','epànpấnnfần[f[aappll','test mail_content deploy lan 3'),(259,88,'vlrb52951@thifnmi.pw','epànpấnnfần[f[aappll','test mail_content deploy lan 3'),(260,88,'vlrb52951@thifnmi.pw','epànpấnnfần[f[aappll','test mail_content deploy lan asd3'),(261,90,'systemmail10p@thifnmi.pw','Wellcome to mail 10p system','Your email is znfq84768@thifnmi.pw'),(262,88,'znfq84768@thifnmi.pw','epànpấnnfần[f[aappll','test mail_content deploy lan asd3'),(263,88,'znfq84768@thifnmi.pw','epànpấnnfần[f[aappll','test mail_content deploy lan asd3'),(264,88,'znfq84768@thifnmi.pw','epànpấnnfần[f[aappll','test mail_content deploy lan asd3'),(265,88,'znfq84768@thifnmi.pw','epànpấnnfần[f[aappll','test mail_content deploy lan asd3'),(266,88,'znfq84768@thifnmi.pw','epànpấnnfần[f[aappll','test mail_content deploy lan asd3'),(267,91,'systemmail10p@thifnmi.pw','Wellcome to mail 10p system','Your email is aofs35889@thifnmi.pw'),(268,88,'aofs35889@thifnmi.pw','epànpấnnfần[f[aappll','test mail_content deploy lan asd3'),(269,88,'aofs35889@thifnmi.pw','epànpấnnfần[f[aappll','test mail_content deploy lan asd3'),(270,88,'aofs35889@thifnmi.pw','epànpấnnfần[f[aappll','test mail_content deploy lan asd3'),(271,88,'aofs35889@thifnmi.pw','epànpấnnfần[f[aappll','test mail_content deploy lan asd3'),(272,88,'aofs35889@thifnmi.pw','12345678910','9876543210'),(273,92,'systemmail10p@thifnmi.pw','Wellcome to mail 10p system','Your email is bidi87223@thifnmi.pw'),(274,92,'bidi87223@thifnmi.pw','1bidi87223@thifnmi.pw0','bidi87223@thifnmi.pw'),(275,92,'bidi87223@thifnmi.pw','1bidi87223@thifnmi.pw0','bidi87223@thifnmi.pw'),(276,92,'bidi87223@thifnmi.pw','1bidi87223@thifnmi.pw0','bidi87223@ádoáihfoiagf.pw'),(277,93,'systemmail10p@thifnmi.pw','Wellcome to mail 10p system','Your email is lcqu04305@thifnmi.pw'),(278,94,'systemmail10p@thifnmi.pw','Wellcome to mail 10p system','Your email is gvyl70139@thifnmi.pw'),(279,94,'gvyl70139@thifnmi.pw','1bidi87223@thifnmi.pw0','bidi87223@ádoáihfoiagf.pw'),(280,95,'systemmail10p@thifnmi.pw','Wellcome to mail 10p system','Your email is xgwv92217@thifnmi.pw'),(281,96,'systemmail10p@thifnmi.pw','Wellcome to mail 10p system','Your email is glda21586@thifnmi.pw'),(282,97,'systemmail10p@thifnmi.pw','Wellcome to mail 10p system','Your email is lirm01307@thifnmi.pw'),(283,98,'systemmail10p@thifnmi.pw','Wellcome to mail 10p system','Your email is yaxa01360@thifnmi.pw'),(284,97,'thifnmi@thifnmi','test Tue, 07 Dec 2021 21:41:56 +0700','This is a test mailing'),(285,97,'thifnmi@thifnmi','test Tue, 07 Dec 2021 21:42:24 +0700','This is a test mailing'),(286,97,'thifnmi@thifnmi','test Tue, 07 Dec 2021 21:42:26 +0700','This is a test mailing'),(287,97,'thifnmi@thifnmi','test Tue, 07 Dec 2021 21:42:27 +0700','This is a test mailing'),(288,97,'thifnmi@thifnmi','test Tue, 07 Dec 2021 21:42:27 +0700','This is a test mailing'),(289,97,'thifnmi@thifnmi','test Tue, 07 Dec 2021 21:42:28 +0700','This is a test mailing'),(290,97,'thifnmi@thifnmi','test Tue, 07 Dec 2021 21:42:29 +0700','This is a test mailing'),(291,97,'thifnmi@thifnmi','test Tue, 07 Dec 2021 21:42:29 +0700','This is a test mailing'),(292,97,'thifnmi@thifnmi','test Tue, 07 Dec 2021 21:42:30 +0700','This is a test mailing'),(293,97,'thifnmi@thifnmi','test Tue, 07 Dec 2021 21:42:30 +0700','This is a test mailing'),(294,97,'thifnmi@thifnmi','test Tue, 07 Dec 2021 21:42:30 +0700','This is a test mailing'),(295,97,'thifnmi@thifnmi','test Tue, 07 Dec 2021 21:42:31 +0700','This is a test mailing'),(296,97,'thifnmi@thifnmi','test Tue, 07 Dec 2021 21:42:31 +0700','This is a test mailing'),(297,97,'thifnmi@thifnmi','test Tue, 07 Dec 2021 21:42:31 +0700','This is a test mailing'),(298,97,'thifnmi@thifnmi','test Tue, 07 Dec 2021 21:42:31 +0700','This is a test mailing'),(299,97,'thifnmi@thifnmi','test Tue, 07 Dec 2021 21:42:32 +0700','This is a test mailing'),(300,97,'thifnmi@thifnmi','test Tue, 07 Dec 2021 21:42:32 +0700','This is a test mailing'),(301,97,'thifnmi@thifnmi','test Tue, 07 Dec 2021 21:42:32 +0700','This is a test mailing'),(302,97,'thifnmi@thifnmi','test Tue, 07 Dec 2021 21:42:33 +0700','This is a test mailing'),(303,97,'thifnmi@thifnmi','test Tue, 07 Dec 2021 21:42:33 +0700','This is a test mailing'),(304,97,'thifnmi@thifnmi','test Tue, 07 Dec 2021 21:42:33 +0700','This is a test mailing'),(305,97,'thifnmi@thifnmi','test Tue, 07 Dec 2021 21:42:34 +0700','This is a test mailing'),(306,97,'thifnmi@thifnmi','test Tue, 07 Dec 2021 21:42:39 +0700','This is a test mailing'),(307,97,'thifnmi@thifnmi','test Tue, 07 Dec 2021 21:42:41 +0700','This is a test mailing'),(308,97,'tuthin2k@gmail.com','test Tue, 07 Dec 2021 21:42:59 +0700','This is a test mailing'),(309,97,'tuthin2k@gmail.com','test Tue, 07 Dec 2021 21:44:02 +0700','This is a test mailing'),(310,97,'tuthin2k@gmail.com','test Tue, 07 Dec 2021 21:44:03 +0700','This is a test mailing'),(311,99,'systemmail10p@thifnmi.pw','Wellcome to mail 10p system','Your email is beui28934@thifnmi.pw'),(312,100,'systemmail10p@thifnmi.pw','Wellcome to mail 10p system','Your email is xxtm10120@thifnmi.pw'),(313,101,'systemmail10p@thifnmi.pw','Wellcome to mail 10p system','Your email is obeb89083@thifnmi.pw'),(314,102,'systemmail10p@thifnmi.pw','Wellcome to mail 10p system','Your email is earz81651@thifnmi.pw'),(315,103,'systemmail10p@thifnmi.pw','Wellcome to mail 10p system','Your email is wkae65810@thifnmi.pw'),(316,104,'systemmail10p@thifnmi.pw','Wellcome to mail 10p system','Your email is kcuj25178@thifnmi.pw'),(317,105,'systemmail10p@thifnmi.pw','Wellcome to mail 10p system','Your email is pnzd43887@thifnmi.pw'),(318,106,'systemmail10p@thifnmi.pw','Wellcome to mail 10p system','Your email is qxuv37160@thifnmi.pw'),(319,107,'systemmail10p@thifnmi.pw','Wellcome to mail 10p system','Your email is omgu82489@thifnmi.pw'),(320,108,'systemmail10p@thifnmi.pw','Wellcome to mail 10p system','Your email is bqsy19509@thifnmi.pw'),(321,109,'systemmail10p@thifnmi.pw','Wellcome to mail 10p system','Your email is ddon16085@thifnmi.pw'),(322,110,'systemmail10p@thifnmi.pw','Wellcome to mail 10p system','Your email is cbbf75922@thifnmi.pw'),(323,94,'cbbf75922@thifnmi.pw','1bidi87223@thifnmi.pw0','từ văn thìn'),(324,94,'cbbf75922@thifnmi.pw','1bidi87223@thifnmi.pw0','từ văn thìn'),(325,94,'cbbf75922@thifnmi.pw','1bidi87223@thifnmi.pw0','từ văn thìn'),(326,110,'cbbf75922@thifnmi.pw','1bidi87223@thifnmi.pw0','từ văn thìn'),(327,110,'cbbf75922@thifnmi.pw','1bidi87223@thifnmi.pw0','từ văn thìn'),(328,110,'cbbf75922@thifnmi.pw','1bidi87223@thifnmi.pw0','từ văn thìn'),(329,110,'cbbf75922@thifnmi.pw','1bidi87223@thifnmi.pw0','từ văn thìn'),(330,110,'cbbf75922@thifnmi.pw','1bidi87223@thifnmi.pw0','ashfaa\'sfoaisfioagf[ga9dasoifh[ashfaa\'sfoaisfioagf'),(331,111,'systemmail10p@thifnmi.pw','Wellcome to mail 10p system','Your email is bjoc93561@thifnmi.pw'),(332,110,'bjoc93561@thifnmi.pw','1bidi87223@thifnmi.pw0','ashfaa\'sfoaisfioagf[ga9dasoifh[ashfaa\'sfoaisfioagf'),(333,110,'bjoc93561@thifnmi.pw','1bidi87223@thifnmi.pw0','ashfaa\'sfoaisfioagf[ga9dasoifh[ashfaa\'sfoaisfioagf'),(334,110,'bjoc93561@thifnmi.pw','1bidi87223@thifnmi.pw0','ashfaa\'sfoaisfioagf[ga9dasoifh[ashfaa\'sfoaisfioagf'),(335,110,'bjoc93561@thifnmi.pw','1bidi87223@thifnmi.pw0','ashfaa\'sfoaisfioagf[ga9dasoifh[ashfaa\'sfoaisfioagf'),(336,111,'bjoc93561@thifnmi.pw','1bidi87223@thifnmi.pw0','ashfaa\'sfoaisfioagf[ga9dasoifh[ashfaa\'sfoaisfioagf'),(337,112,'systemmail10p@thifnmi.pw','Wellcome to mail 10p system','Your email is ntlv13341@thifnmi.pw'),(338,112,'ntlv13341@thifnmi.pw','1bidi87223@thifnmi.pw0','ashfaa\'sfoaisfioagf[ga9dasoifh[ashfaa\'sfoaisfioagf'),(339,112,'ntlv13341@thifnmi.pw','1bidi87223@thifnmi.pw0','ashfaa\'sfoaisfioagf[ga9dasoifh[ashfaa\'sfoaisfioagf'),(340,112,'ntlv13341@thifnmi.pw','1bidi87223@thifnmi.pw0','ashfaa\'sfoaisfioagf[ga9dasoifh[ashfaa\'sfoaisfioagf'),(341,112,'ntlv13341@thifnmi.pw','1bidi87223@thifnmi.pw0','ashfaa\'sfoaisfioagf[ga9dasoifh[ashfaa\'sfoaisfioagf'),(342,112,'ntlv13341@thifnmi.pw','1bidi87223@thifnmi.pw0','ashfaa\'sfoaisfioagf[ga9dasoifh[ashfaa\'sfoaisfioagf'),(343,112,'ntlv13341@thifnmi.pw','1bidi87223@thifnmi.pw0','ashfaa\'sfoaisfioagf[ga9dasoifh[ashfaa\'sfoaisfioagf'),(344,113,'systemmail10p@thifnmi.pw','Wellcome to mail 10p system','Your email is spri67699@thifnmi.pw'),(345,114,'systemmail10p@thifnmi.pw','Wellcome to mail 10p system','Your email is ltoc31924@thifnmi.pw'),(346,112,'ltoc31924@thifnmi.pw','1bidi87223@thifnmi.pw0','ashfaa\'sfoaisfioagf[ga9dasoifh[ashfaa\'sfoaisfioagf'),(347,112,'ltoc31924@thifnmi.pw','1bidi87223@thifnmi.pw0','ashfaa\'sfoaisfioagf[ga9dasoifh[ashfaa\'sfoaisfioagf'),(348,112,'ltoc31924@thifnmi.pw','1bidi87223@thifnmi.pw0','ashfaa\'sfoaisfioagf[ga9dasoifh[ashfaa\'sfoaisfioagf'),(349,112,'ltoc31924@thifnmi.pw','1bidi87223@thifnmi.pw0','ashfaa\'sfoaisfioagf[ga9dasoifh[ashfaa\'sfoaisfioagf'),(350,112,'ltoc31924@thifnmi.pw','1bidi87223@thifnmi.pw0','ashfaa\'sfoaisfioagf[ga9dasoifh[ashfaa\'sfoaisfioagf'),(351,112,'ltoc31924@thifnmi.pw','1bidi87223@thifnmi.pw0','ashfaa\'sfoaisfioagf[ga9dasoifh[ashfaa\'sfoaisfioagf'),(352,112,'ltoc31924@thifnmi.pw','1bidi87223@thifnmi.pw0','ashfaa\'sfoaisfioagf[ga9dasoifh[ashfaa\'sfoaisfioagf'),(353,112,'ltoc31924@thifnmi.pw','1bidi87223@thifnmi.pw0','noi dung nay'),(354,112,'ltoc31924@thifnmi.pw','1bidi87223@thifnmi.pw0','noi dung nay'),(355,112,'ltoc31924@thifnmi.pw','1bidi87223@thifnmi.pw0','noi dung nay12345679'),(356,112,'ltoc31924@thifnmi.pw','1bidi87223@thifnmi.pw0','noi dung nay12345679'),(357,112,'ltoc31924@thifnmi.pw','1bidi87223@thifnmi.pw0','noi duádjpo'),(358,115,'systemmail10p@thifnmi.pw','Wellcome to mail 10p system','Your email is oryb14495@thifnmi.pw'),(359,112,'oryb14495@thifnmi.pw','1bidi87223@thifnmi.pw0','noi duádjpo'),(360,112,'oryb14495@thifnmi.pw','1bidi87223@thifnmi.pw0','1234564'),(361,116,'systemmail10p@thifnmi.pw','Wellcome to mail 10p system','Your email is eonc21581@thifnmi.pw'),(362,112,'eonc21581@thifnmi.pw','1bidi87223@thifnmi.pw0','16:49'),(363,112,'eonc21581@thifnmi.pw','1bidi87223@thifnmi.pw0','16:49'),(364,112,'eonc21581@thifnmi.pw','1bidi87223@thifnmi.pw0','16:49'),(365,112,'eonc21581@thifnmi.pw','1bidi87223@thifnmi.pw0','16:51'),(366,117,'systemmail10p@thifnmi.pw','Wellcome to mail 10p system','Your email is evxs38676@thifnmi.pw');
/*!40000 ALTER TABLE `mailbox` ENABLE KEYS */;
UNLOCK TABLES;

--
-- Table structure for table `usermail`
--

DROP TABLE IF EXISTS `usermail`;
/*!40101 SET @saved_cs_client     = @@character_set_client */;
/*!50503 SET character_set_client = utf8mb4 */;
CREATE TABLE `usermail` (
  `id` int NOT NULL AUTO_INCREMENT,
  `cookie` varchar(80) CHARACTER SET utf8 COLLATE utf8_unicode_ci NOT NULL,
  `email` varchar(120) CHARACTER SET utf8 COLLATE utf8_unicode_ci NOT NULL,
  `ipv4_ad` varchar(120) CHARACTER SET utf8 COLLATE utf8_unicode_ci NOT NULL,
  `time` varchar(120) CHARACTER SET utf8 COLLATE utf8_unicode_ci NOT NULL,
  PRIMARY KEY (`id`)
) ENGINE=InnoDB AUTO_INCREMENT=118 DEFAULT CHARSET=utf8mb3 COLLATE=utf8_unicode_ci;
/*!40101 SET character_set_client = @saved_cs_client */;

--
-- Dumping data for table `usermail`
--

LOCK TABLES `usermail` WRITE;
/*!40000 ALTER TABLE `usermail` DISABLE KEYS */;
INSERT INTO `usermail` VALUES (1,'oiyrkbbgdzyrkgaahpux','pgx26349@vccorp.com','192.168.11.102','2021-11-20 20:13:43'),(2,'bzryqiyvbnmtcnnqtwhk','zll94177@zwoho.com','192.168.11.102','2021-11-20 20:37:21'),(3,'yccczkfmgumevxwbkkht','krj66923@zwoho.com','192.168.11.102','2021-11-20 21:13:37'),(4,'pgocruaemyjoshrcvire','pnx38129@vccorp.com','192.168.11.102','2021-11-20 22:06:46'),(5,'lujsoqvwfgebeqtrsoyj','tbl55459@boofx.com','192.168.11.102','2021-11-21 14:23:33'),(6,'atpmcqqwzdrpppriqwxt','bcd72605@zwoho.com','192.168.11.102','2021-11-21 14:26:51'),(7,'byovdfrhmgqbemvxqeei','jhq51182@boofx.com','192.168.11.102','2021-11-21 14:45:13'),(8,'jyriqtakorvqjfbwauba','bot52150@zwoho.com','192.168.11.102','2021-11-21 15:07:06'),(9,'vjmcjsmtlncvyqywzzlo','mqs29220@vccorp.com','192.168.11.102','2021-11-21 15:12:11'),(10,'nnmyjjfwpcmpyusfsvvx','dyw22990@zwoho.com','192.168.11.102','2021-11-21 15:16:53'),(11,'sweytpbqrzwsoeqxhdxf','ywo07783@zwoho.com','192.168.11.102','2021-11-21 15:16:55'),(12,'baayltqwbfyqnmaaqite','yke90928@couly.com','192.168.11.102','2021-11-21 15:17:47'),(13,'lfbmferrtljxqrbbsbse','vss31635@zwoho.com','192.168.11.102','2021-11-21 15:17:48'),(14,'tswiunorhcgixybnxqzq','wjh78934@boofx.com','192.168.11.102','2021-11-21 15:17:49'),(15,'yfsxsbqyrdhqyyyhmiqg','jic00020@couly.com','192.168.11.102','2021-11-21 15:17:50'),(16,'hlgivtxyarasqlvgqkuf','jsh79018@couly.com','192.168.11.102','2021-11-21 15:17:51'),(17,'hnpmuihihcpttvnndghc','eij17994@bizfly.com','192.168.11.102','2021-11-21 15:17:53'),(18,'mounzinfucqbdvynixdw','dhd86279@vccorp.com','192.168.11.102','2021-11-21 15:17:54'),(19,'ctsmkhhmmeyovlvbansl','qxh26130@vccorp.com','192.168.11.102','2021-11-21 15:17:55'),(20,'kkgdfbxvyhhsrsjagzlk','gss84738@zwoho.com','192.168.11.102','2021-11-21 15:17:56'),(21,'vovyirwhfgfdrfmrzvqv','wwy89247@vccorp.com','192.168.11.102','2021-11-21 15:23:40'),(22,'npispvymijicvhwjtkan','pty32888@couly.com','192.168.11.102','2021-11-21 15:27:31'),(23,'yqftoiguevomzgrwuvrz','zvn74032@bizfly.com','192.168.11.102','2021-11-21 15:34:13'),(24,'cvanhitjdzkdsarlcbdc','mxh36869@bizfly.com','192.168.11.102','2021-11-21 17:37:56'),(25,'ztvvftgtnydbmwntpydf','vek80162@zwoho.com','192.168.11.102','2021-11-21 17:56:54'),(26,'awswcdgitqivcumevkoo','dft31034@couly.com','192.168.11.102','2021-11-21 18:06:45'),(27,'wieecsbeyteiujvsmgwz','piz24041@zwoho.com','192.168.11.102','2021-11-21 18:07:06'),(28,'vkjjywmjndthtzvtyqes','zbi39993@vccorp.com','192.168.11.102','2021-11-21 18:07:29'),(29,'hhukufatropbohiwqqwc','ldg91590@bizfly.com','192.168.66.177','2021-11-23 10:21:41'),(30,'mbcthrshlvfuemruivpf','oln27682@couly.com','192.168.66.177','2021-11-23 10:32:22'),(31,'mykxjpdjdjqhmadrqbof','gnm08903@zwoho.com','192.168.66.177','2021-11-26 11:19:26'),(32,'hoxbnykawvoilmmchqda','sqy61623@couly.com','192.168.66.177','2021-11-26 11:21:51'),(33,'skvidehqbbzhmdpsmwfv','leq21241@couly.com','192.168.66.177','2021-11-26 11:21:58'),(34,'tsiwapbcodlwwqdmzghl','jyo55031@vccorp.com','192.168.66.177','2021-11-27 09:48:41'),(35,'nyhmmryrawtqqcnoebcj','gtzq39585@thifnmi.pw','192.168.66.177','2021-11-29 11:46:18'),(36,'xxwvytijozizawvctwfy','dotq11057@thifnmi.pw','192.168.66.177','2021-11-29 12:23:55'),(37,'hzfsmamsnixxirfixzie','ogba04606@thifnmi.pw','192.168.66.177','2021-11-29 16:04:55'),(38,'rqvriovksnakfkrvluft','mtal23431@thifnmi.pw','192.168.66.177','2021-11-30 14:37:53'),(39,'cgjvwnfendqojkrpsklj','qlbd81721@thifnmi.pw','192.168.66.177','2021-11-30 14:58:19'),(40,'aoyauiblstsswwpwabah','wmka86720@thifnmi.pw','192.168.66.177','2021-11-30 15:25:19'),(41,'ernqtseeqkoaasfrfkvk','pdbw44025@thifnmi.pw','192.168.66.177','2021-11-30 15:27:15'),(42,'ubbkjudeupmpjbtujrdc','oqfn34499@thifnmi.pw','192.168.66.177','2021-11-30 15:27:21'),(43,'dgcictcbydlisrcefxut','tfmj24641@thifnmi.pw','192.168.66.177','2021-11-30 15:27:28'),(44,'cslgahxpangkhuixczld','tvii13925@thifnmi.pw','192.168.66.177','2021-11-30 15:27:34'),(45,'ftnslmaefajadssaxmza','zlcw23098@thifnmi.pw','192.168.66.177','2021-11-30 15:27:40'),(46,'rsrmrddsqpmluaryekzl','uihw21004@thifnmi.pw','192.168.66.177','2021-11-30 15:27:46'),(47,'tivgzuayzwmtqcnbdgfo','fips86486@thifnmi.pw','192.168.66.177','2021-11-30 15:27:52'),(48,'zjwrfobiixnelflddogi','fowo55465@thifnmi.pw','192.168.66.177','2021-11-30 15:27:58'),(49,'vbpxshdlpozjghgpvjgk','henj73164@thifnmi.pw','192.168.66.177','2021-11-30 15:28:05'),(50,'scotizhwqalujmsgkpaa','agxe02018@thifnmi.pw','192.168.66.177','2021-11-30 15:28:11'),(51,'dyvhqadiuowhfjfiznoz','lbup78322@thifnmi.pw','192.168.66.177','2021-11-30 15:28:17'),(52,'vgtoyzlbrqhwaexwihjz','nmpl74819@thifnmi.pw','192.168.66.177','2021-11-30 15:28:23'),(53,'yazgrblsyjbrctgrotpe','hycd20787@thifnmi.pw','192.168.66.177','2021-11-30 15:28:29'),(54,'dgohhcjpcrykqkxkvvlc','uhul33721@thifnmi.pw','192.168.66.177','2021-11-30 15:30:37'),(55,'otyfofwhnuaboyyqpkcs','podz12926@thifnmi.pw','192.168.66.177','2021-11-30 15:30:43'),(56,'kvwnnqbtiyzygmjikybl','kqwk80614@thifnmi.pw','192.168.66.177','2021-11-30 15:30:54'),(57,'hylmuxrsaardaglrqghi','decv21592@thifnmi.pw','192.168.66.177','2021-11-30 15:31:56'),(58,'cszzgexayinnqosocbmj','kbyh24272@thifnmi.pw','192.168.66.177','2021-11-30 15:32:02'),(59,'lowkowpxbsoayehxciuo','czro34243@thifnmi.pw','192.168.66.177','2021-11-30 15:32:08'),(60,'qpirtpzmdhaegbanhvha','zvhl98090@thifnmi.pw','192.168.66.177','2021-11-30 15:32:14'),(61,'uhylrfpvbycgvmomfikv','nriv46055@thifnmi.pw','192.168.66.177','2021-11-30 15:44:33'),(62,'jptzlamxvwnzhgbzeauj','wjff56750@thifnmi.pw','192.168.66.177','2021-11-30 16:44:15'),(63,'tbdiqcdbjqkrgtxaksdc','dwub43028@thifnmi.pw','192.168.66.177','2021-11-30 17:08:00'),(64,'rdbxpbtkdadmtixcwcsv','xytf72172@thifnmi.pw','192.168.66.177','2021-11-30 17:18:42'),(65,'mgmqlpeteljelijknsys','thzz40101@thifnmi.pw','127.0.0.1','2021-12-01 09:29:15'),(66,'frlrmdmkjmwstbxkpeuc','kuir94056@thifnmi.pw','192.168.66.177','2021-12-01 10:49:21'),(67,'lwptyuyltigqcwqppwwg','bopq35349@thifnmi.pw','192.168.66.177','2021-12-04 08:35:13'),(68,'nsiinoqfydspzdsmzgia','ibbg57319@thifnmi.pw','192.168.66.177','2021-12-04 08:46:21'),(69,'ppfkjeyxpgnfujttafnr','ukhs93115@thifnmi.pw','192.168.62.100','2021-12-04 13:10:19'),(70,'lrnqwgopxjobektshcxt','eonp96297@thifnmi.pw','127.0.0.1','2021-12-06 15:10:34'),(71,'dyvjstywvfnbafbcgyxl','lvkc09669@thifnmi.pw','127.0.0.1','2021-12-06 15:23:32'),(72,'rhiabgekuojjmhpdoeyi','awla33997@thifnmi.pw','127.0.0.1','2021-12-06 15:41:53'),(73,'osubwdxyazoolbgysovu','pkau49316@thifnmi.pw','127.0.0.1','2021-12-06 16:13:58'),(74,'nfqlkrwmwgooqfjmpbpt','zzqw73474@thifnmi.pw','127.0.0.1','2021-12-06 16:45:38'),(75,'datltialoezmapmkgegh','tyuw34236@thifnmi.pw','127.0.0.1','2021-12-06 17:24:36'),(76,'yfocnixliqfwavscpbnw','uueh86605@thifnmi.pw','127.0.0.1','2021-12-06 17:36:54'),(77,'mcftjkgqoauxahujfxbq','vfox10274@thifnmi.pw','127.0.0.1','2021-12-07 10:47:33'),(78,'ryzsqqrsqidokpuudqdq','tpvp11058@thifnmi.pw','127.0.0.1','2021-12-07 10:58:36'),(79,'cizsfthsxlsbcyjeuyrd','aqtg02988@thifnmi.pw','127.0.0.1','2021-12-07 11:12:32'),(80,'qykowlwshigixosyyieq','pyli23983@thifnmi.pw','127.0.0.1','2021-12-07 11:27:44'),(81,'fprugkwtvymtlvjkyekf','dkci27746@thifnmi.pw','127.0.0.1','2021-12-07 11:43:15'),(82,'owhyjgsaujsdyjyapsyd','acei44765@thifnmi.pw','127.0.0.1','2021-12-07 11:43:15'),(83,'xkqkgcwkztzihndbmtqu','aolr64012@thifnmi.pw','127.0.0.1','2021-12-07 12:17:16'),(84,'vsoyevfdrqsdakjlxbmb','sejx57407@thifnmi.pw','127.0.0.1','2021-12-07 12:29:12'),(85,'snklgvwckjsekaellqqm','qota19607@thifnmi.pw','127.0.0.1','2021-12-07 14:11:25'),(86,'pdzjudchbacnyiwjlmie','rpeo40747@thifnmi.pw','127.0.0.1','2021-12-07 14:22:48'),(87,'oyirsepqcfnhxmxvgzdh','vqrc38007@thifnmi.pw','127.0.0.1','2021-12-07 14:36:53'),(88,'ifqkelqymhglttkkiuzp','rngg36431@thifnmi.pw','127.0.0.1','2021-12-07 14:54:44'),(89,'gxpzfwvkcoijhquqopus','vlrb52951@thifnmi.pw','127.0.0.1','2021-12-07 15:16:28'),(90,'jqpgqcdndkacoxrjzbqm','znfq84768@thifnmi.pw','127.0.0.1','2021-12-07 15:28:39'),(91,'pjozdbkmonsicjkzcfiw','aofs35889@thifnmi.pw','127.0.0.1','2021-12-07 15:49:28'),(92,'oooqcgbdxpgetkdbmzpr','bidi87223@thifnmi.pw','127.0.0.1','2021-12-07 16:11:37'),(93,'jkcfkcoblxhgxujdmeys','lcqu04305@thifnmi.pw','127.0.0.1','2021-12-07 16:35:41'),(94,'lxquljwrsucqisxyhvhp','gvyl70139@thifnmi.pw','127.0.0.1','2021-12-07 16:45:55'),(95,'yvvvyaujgbptyqgsmqbb','xgwv92217@thifnmi.pw','127.0.0.1','2021-12-07 20:52:04'),(96,'xmhngmnvqjsmevdxplqm','glda21586@thifnmi.pw','127.0.0.1','2021-12-07 21:02:34'),(97,'lwslovfcgkniwhczfxao','lirm01307@thifnmi.pw','127.0.0.1','2021-12-07 21:18:57'),(98,'nnhelvryroqxqkvuhkuk','yaxa01360@thifnmi.pw','127.0.0.1','2021-12-07 21:31:40'),(99,'catcpvyoqndmgerahfol','beui28934@thifnmi.pw','127.0.0.1','2021-12-07 21:54:36'),(100,'zdqlespnowdlwehymtex','xxtm10120@thifnmi.pw','127.0.0.1','2021-12-08 09:56:20'),(101,'wbthgbxjlyjihhjgryvr','obeb89083@thifnmi.pw','127.0.0.1','2021-12-08 10:49:16'),(102,'wxayaqgqvxvbuxargjqm','earz81651@thifnmi.pw','127.0.0.1','2021-12-08 11:19:33'),(103,'inktjhdcgftjwrhqujzk','wkae65810@thifnmi.pw','127.0.0.1','2021-12-08 11:19:33'),(104,'nkqfrmnpglbytybgrppy','kcuj25178@thifnmi.pw','127.0.0.1','2021-12-08 14:16:10'),(105,'chgazisihfotilkdgcbl','pnzd43887@thifnmi.pw','127.0.0.1','2021-12-08 17:29:13'),(106,'obuomfnbtamallnknsfm','qxuv37160@thifnmi.pw','127.0.0.1','2021-12-08 21:26:12'),(107,'qytjicidihqrcmijetes','omgu82489@thifnmi.pw','127.0.0.1','2021-12-08 23:07:50'),(108,'esvhxoxqvcutlkovvmmf','bqsy19509@thifnmi.pw','127.0.0.1','2021-12-09 08:44:44'),(109,'bvkejzytoaejldxwjzpx','ddon16085@thifnmi.pw','127.0.0.1','2021-12-09 09:06:05'),(110,'rdtcehazrpqkgqbkrxro','cbbf75922@thifnmi.pw','127.0.0.1','2021-12-09 09:35:13'),(111,'lseisxsycsyrrdprlkrr','bjoc93561@thifnmi.pw','127.0.0.1','2021-12-09 14:07:34'),(112,'eaacwyccjqjrrbztptrc','ntlv13341@thifnmi.pw','127.0.0.1','2021-12-09 14:36:46'),(113,'tjdbodhamvjmenrpdqsw','spri67699@thifnmi.pw','127.0.0.1','2021-12-09 15:03:15'),(114,'iziqplzztshupudctqez','ltoc31924@thifnmi.pw','127.0.0.1','2021-12-09 15:17:42'),(115,'zkldwrvnizhiznbugycp','oryb14495@thifnmi.pw','127.0.0.1','2021-12-09 16:16:12'),(116,'dlrpfccwswcbnftaazlf','eonc21581@thifnmi.pw','127.0.0.1','2021-12-09 16:49:23'),(117,'bllyqznlpfafasittcxx','evxs38676@thifnmi.pw','127.0.0.1','2021-12-09 21:27:05');
/*!40000 ALTER TABLE `usermail` ENABLE KEYS */;
UNLOCK TABLES;
/*!40103 SET TIME_ZONE=@OLD_TIME_ZONE */;

/*!40101 SET SQL_MODE=@OLD_SQL_MODE */;
/*!40014 SET FOREIGN_KEY_CHECKS=@OLD_FOREIGN_KEY_CHECKS */;
/*!40014 SET UNIQUE_CHECKS=@OLD_UNIQUE_CHECKS */;
/*!40101 SET CHARACTER_SET_CLIENT=@OLD_CHARACTER_SET_CLIENT */;
/*!40101 SET CHARACTER_SET_RESULTS=@OLD_CHARACTER_SET_RESULTS */;
/*!40101 SET COLLATION_CONNECTION=@OLD_COLLATION_CONNECTION */;
/*!40111 SET SQL_NOTES=@OLD_SQL_NOTES */;

-- Dump completed on 2021-12-10  8:38:20
